lon,lat,k,type
50.5248911281,24.4830426222,2,3514
-77.9623846942,3.16518619747,2,3514
28.196976071,24.4929969124,3,3514
-78.3912934297,3.08447884417,3,3514
83.4685397465,24.4129608295,3,3514
-78.3912934297,3.08447884417,4,3514
33.157370479,3.18620234604,4,3514
24.9513173844,38.3984912281,4,3514
83.4601612439,24.4129772531,4,3514
75.1051602896,27.5942537056,5,3514
-78.3912934297,3.08447884417,5,3514
33.1484156479,3.17538875306,5,3514
24.6957391304,38.4344380032,5,3514
122.007711443,9.62019900498,5,3514
-78.3912934297,3.08447884417,6,3514
39.4942415885,36.324015444,6,3514
75.3908780488,27.5129303136,6,3514
4.76989810771,40.0666157205,6,3514
34.0769088176,3.03203907816,6,3514
122.08530782,9.58981697171,6,3514
48.9144736191,29.9528850436,2,1137
-78.2833666998,-0.495720944447,2,1137
30.2723516799,32.4707587165,3,1137
-78.4156363915,-0.5407244601,3,1137
81.1782366619,25.5715354697,3,1137
-78.4156363915,-0.5407244601,4,1137
40.1964258108,29.2640551168,4,1137
81.2173094189,25.5532661359,4,1137
4.31689143866,40.9047458076,4,1137
113.674850798,9.12704371964,5,1137
5.3868078366,40.7281242184,5,1137
-78.4156363915,-0.5407244601,5,1137
40.5525581635,29.0570859719,5,1137
73.9187429488,29.2549655851,5,1137
40.5918049235,34.2107038419,6,1137
-78.4156363915,-0.5407244601,6,1137
113.674850798,9.12704371964,6,1137
2.77404235633,44.6679376992,6,1137
73.9237021122,29.2437740733,6,1137
28.330486618,-4.07796947578,6,1137
45.2133297283,30.525765851,2,1482
-83.6452314607,12.2914382022,2,1482
-83.670602518,12.2795548561,3,1482
92.9269876977,20.3925448155,3,1482
15.382934329,36.8594377334,3,1482
93.0607762879,20.3340508116,4,1482
3.74987261147,48.3730971338,4,1482
-83.670602518,12.2795548561,4,1482
29.8547076023,22.7572563353,4,1482
78.9666226216,25.0562579281,5,1482
-83.670602518,12.2795548561,5,1482
7.90384664742,46.5656817453,5,1482
31.5687020237,15.683042568,5,1482
120.435868201,11.3099790795,5,1482
78.9965185185,25.0242433862,6,1482
-93.6469165247,30.7613117547,6,1482
3.74987261147,48.3730971338,6,1482
29.6843088235,22.6551127451,6,1482
120.435868201,11.3099790795,6,1482
-72.5161333333,-8.38480952381,6,1482
53.2638264742,25.601371397,2,1198
-80.181775977,5.50432008103,2,1198
26.3358929695,28.0157420042,3,1198
-80.7934125767,5.42299505794,3,1198
84.8125853546,22.6599908035,3,1198
10.7198576786,26.4090075969,4,1198
54.9592426042,30.4446455677,4,1198
-80.7934125767,5.42299505794,4,1198
101.708074003,13.1288718814,4,1198
-80.7934125767,5.42299505794,5,1198
35.4530240775,22.4133492541,5,1198
74.0388184282,27.4853550136,5,1198
0.410364379996,43.9032180703,5,1198
115.794640071,8.8133407622,5,1198
74.0517658453,27.47623276,6,1198
-80.7934125767,5.42299505794,6,1198
0.21125488663,45.0568725567,6,1198
115.794640071,8.8133407622,6,1198
24.9104153846,0.339301923077,6,1198
39.9725453843,33.4888769795,6,1198
-30.2366666667,29.724,2,773
81.579296875,23.448046875,2,773
139.553823529,4.19264705882,3,773
44.7281481481,35.0217777778,3,773
-76.7273529412,10.5929411765,3,773
16.1747457627,39.5774576271,4,773
-76.7273529412,10.5929411765,4,773
66.8946052632,31.4851315789,4,773
139.553823529,4.19264705882,4,773
16.1747457627,39.5774576271,5,773
66.8946052632,31.4851315789,5,773
-76.7273529412,10.5929411765,5,773
126.053478261,24.9556521739,5,773
167.781818182,-39.2209090909,5,773
68.2451388889,33.2170833333,6,773
-76.7273529412,10.5929411765,6,773
9.507,49.23775,6,773
126.053478261,24.9556521739,6,773
32.3639130435,15.947826087,6,773
167.781818182,-39.2209090909,6,773
-83.1366666667,17.4022222222,2,1147
46.9081818182,35.4195454545,2,1147
26.9888235294,38.6941176471,3,1147
-83.1366666667,17.4022222222,3,1147
114.634,24.286,3,1147
-95.6366666667,37.25,4,1147
26.9888235294,38.6941176471,4,1147
114.634,24.286,4,1147
-58.1366666667,-22.2933333333,4,1147
40.437,36.086,5,1147
-95.6366666667,37.25,5,1147
114.634,24.286,5,1147
-58.1366666667,-22.2933333333,5,1147
7.77714285714,42.42,5,1147
74.745,27.175,6,1147
-95.6366666667,37.25,6,1147
7.77714285714,42.42,6,1147
-58.1366666667,-22.2933333333,6,1147
123.225,27.0875,6,1147
37.2388888889,35.51,6,1147
59.3438943731,23.1888302073,2,2077
-17.1485379464,29.8809375,2,2077
85.046653185,23.3273407482,3,2077
23.0263368669,29.0650647821,3,2077
-78.0605106383,5.66242553191,3,2077
33.4866333938,21.9083030853,4,2077
-78.0605106383,5.66242553191,4,2077
4.12302828619,42.128718802,4,2077
85.1927337398,23.3342581301,4,2077
85.2177517803,23.3001831129,5,2077
3.67932642487,42.4765630397,5,2077
-78.0605106383,5.66242553191,5,2077
27.5138176638,-2.70720797721,5,2077
35.7275581395,33.4308010336,5,2077
119.675029586,12.445147929,6,2077
3.67932642487,42.4765630397,6,2077
-78.0605106383,5.66242553191,6,2077
27.5138176638,-2.70720797721,6,2077
78.0380981595,25.5596687117,6,2077
35.6999353169,33.4348771022,6,2077
-100.544666667,23.4796666667,2,2930
73.1564705882,21.4749411765,2,2930
94.0575409836,18.4762295082,3,2930
-100.544666667,23.4796666667,3,2930
20.0329166667,29.0966666667,3,2930
94.0575409836,18.4762295082,4,2930
-80.0769230769,5.35923076923,4,2930
-116.196470588,37.3364705882,4,2930
20.0329166667,29.0966666667,4,2930
32.95,12.2776923077,5,2930
-116.196470588,37.3364705882,5,2930
94.0575409836,18.4762295082,5,2930
-80.0769230769,5.35923076923,5,2930
4.76727272727,48.9736363636,5,2930
90.3051785714,17.2064285714,6,2930
-116.196470588,37.3364705882,6,2930
4.76727272727,48.9736363636,6,2930
-80.0769230769,5.35923076923,6,2930
32.95,12.2776923077,6,2930
136.084,32.698,6,2930
45.8051190476,31.8776190476,2,3536
-84.896,22.3085,2,3536
88.8713043478,28.9104347826,3,3536
-84.896,22.3085,3,3536
29.5670491803,32.9963934426,3,3536
-0.691111111111,52.9666666667,4,3536
-84.896,22.3085,4,3536
88.8713043478,28.9104347826,4,3536
34.8040384615,29.54,4,3536
-0.691111111111,52.9666666667,5,3536
76.0927777778,27.7344444444,5,3536
-84.896,22.3085,5,3536
34.8040384615,29.54,5,3536
134.874,33.144,5,3536
37.745,-22.55,6,3536
-84.896,22.3085,6,3536
34.6864,31.6236,6,3536
-0.691111111111,52.9666666667,6,3536
76.0927777778,27.7344444444,6,3536
134.874,33.144,6,3536
139.76,35.69,2,2711
-17.6,44.8933333333,2,2711
10.605,46.985,3,2711
139.76,35.69,3,2711
-74.01,40.71,3,2711
139.76,35.69,4,2711
-74.01,40.71,4,2711
16.37,48.21,4,2711
4.84,45.76,4,2711
139.76,35.69,5,2711
16.37,48.21,5,2711
-74.01,40.71,5,2711
4.84,45.76,5,2711
139.76,35.69,5,2711
139.76,35.69,6,2711
16.37,48.21,6,2711
-74.01,40.71,6,2711
4.84,45.76,6,2711
139.76,35.69,6,2711
139.76,35.69,6,2711
41.5582857143,27.8035714286,2,2447
-88.4059090909,25.9890909091,2,2447
98.5472222222,19.2027777778,3,2447
-88.4059090909,25.9890909091,3,2447
21.8313461538,30.7807692308,3,2447
114.308333333,14.9758333333,4,2447
43.2616666667,20.7183333333,4,2447
-88.4059090909,25.9890909091,4,2447
8.55464285714,40.8925,4,2447
8.55464285714,40.8925,5,2447
-93.808125,40.33875,5,2447
44.4422580645,20.2735483871,5,2447
117.44,15.7072727273,5,2447
-74.0,-12.2766666667,5,2447
5.00888888889,1.69777777778,6,2447
117.44,15.7072727273,6,2447
-93.808125,40.33875,6,2447
11.7852173913,47.2282608696,6,2447
-74.0,-12.2766666667,6,2447
48.1888888889,24.8866666667,6,2447
-86.538,36.8528,2,627
65.9825,22.25625,2,627
-86.538,36.8528,3,627
41.41,17.82,3,627
139.7,35.565,3,627
-75.8247368421,35.0178947368,4,627
41.41,17.82,4,627
139.7,35.565,4,627
-120.463333333,42.6633333333,4,627
41.41,17.82,5,627
-76.1127777778,38.8227777778,5,627
139.7,35.565,5,627
-70.64,-33.47,5,627
-120.463333333,42.6633333333,5,627
139.7,35.565,6,627
-76.1127777778,38.8227777778,6,627
50.134,11.12,6,627
-70.64,-33.47,6,627
-120.463333333,42.6633333333,6,627
-2.21,51.32,6,627
-78.8239871223,2.68334076275,2,486
44.1740986369,29.6384017461,2,486
83.7257441472,23.6758632943,3,486
-78.8655638166,2.66297149938,3,486
21.2894418267,33.0848326688,3,486
-78.8655638166,2.66297149938,4,486
36.9322944162,22.9482862944,4,486
-1.27173526799,47.7767959728,4,486
83.8747152763,23.6910989704,4,486
36.8808426623,22.9171768777,5,486
-78.8655638166,2.66297149938,5,486
119.653560606,11.1685795455,5,486
73.6208829071,27.2894051144,5,486
-1.27173526799,47.7767959728,5,486
38.8832433141,33.2189800734,6,486
-78.8655638166,2.66297149938,6,486
73.6358054957,27.2829418103,6,486
-1.59983168019,47.8457649534,6,486
29.5905815972,-10.27765625,6,486
119.653560606,11.1685795455,6,486
55.5489076742,24.7144854455,2,1451
-76.9054144241,5.18526910657,2,1451
29.57868202,24.3769006659,3,1451
-78.0581753425,5.06940821918,3,1451
83.8155400805,24.9570225936,3,1451
29.5641671294,24.3725485841,4,1451
-78.0581753425,5.06940821918,4,1451
75.6577569392,28.5248424606,4,1451
122.073844797,8.20694885362,4,1451
12.9629427255,19.2053719552,5,1451
75.6796244837,28.504757792,5,1451
-78.0581753425,5.06940821918,5,1451
41.6913518696,28.1668360499,5,1451
122.073844797,8.20694885362,5,1451
75.6796244837,28.504757792,6,1451
-78.0581753425,5.06940821918,6,1451
36.6866132075,6.3533490566,6,1451
7.11875593542,25.8509496676,6,1451
122.073844797,8.20694885362,6,1451
40.3988002681,36.1751876676,6,1451
-78.4338497295,-0.466735502553,2,683
48.8704381427,30.0422038917,2,683
30.0365377608,32.7102984424,3,683
-78.5386251908,-0.501655725191,3,683
81.3947664091,25.4140296652,3,683
-78.5386251908,-0.501655725191,4,683
40.1182329917,29.3066271705,4,683
81.4480536883,25.3916204425,4,683
4.23907875458,41.4794249084,4,683
40.4775023707,29.1171277993,5,683
-78.5386251908,-0.501655725191,5,683
113.593514354,9.16918660287,5,683
5.29693625119,41.2229625465,5,683
74.0653786556,29.1205510694,5,683
74.0688238826,29.1112683513,6,683
-78.5386251908,-0.501655725191,6,683
40.5486426604,34.1886363636,6,683
113.593514354,9.16918660287,6,683
28.3714938796,-5.12507869098,6,683
2.86753108348,44.6150047017,6,683
-85.2716812339,14.7813984576,2,1146
47.1195937732,30.448056338,2,1146
16.164186161,37.2955651317,3,1146
93.9112402235,20.0944394786,3,1146
-85.3015432099,14.7690843621,3,1146
49.6958407572,24.4176948775,4,1146
-85.3015432099,14.7690843621,4,1146
8.22378259397,43.9627192685,4,1146
102.281362043,15.8912218327,4,1146
30.7312397148,23.6857816786,5,1146
-85.3015432099,14.7690843621,5,1146
82.6185054081,22.7529105211,5,1146
4.21698434004,48.3373557047,5,1146
128.899678899,12.1074464832,5,1146
-94.1610333049,30.957882152,6,1146
30.7177497256,23.678298573,6,1146
120.01566077,10.5216545265,6,1146
4.21698434004,48.3373557047,6,1146
-71.8805045278,-9.75495472186,6,1146
79.3210011574,25.5345486111,6,1146
54.8448903244,24.503988784,2,398
-80.8681983258,6.20453187379,2,398
84.5506087885,22.4988640525,3,398
-81.5457254392,6.1145035784,3,398
28.7632312162,26.1883335534,3,398
-81.5457254392,6.1145035784,4,398
74.0446538304,27.4080151577,4,398
28.6947500166,26.1611019138,4,398
114.38355267,8.5255089997,4,398
26.6586608016,3.42821114369,5,398
-81.5457254392,6.1145035784,5,398
74.0629103024,27.3702009226,5,398
29.7597478739,37.8328214107,5,398
114.38355267,8.5255089997,5,398
-81.5457254392,6.1145035784,6,398
74.14966454,27.3710516567,6,398
25.5225845865,1.27630404135,6,398
40.4936145043,33.9372791565,6,398
114.38355267,8.5255089997,6,398
3.9055940912,40.8852312139,6,398
48.6465311005,26.4681339713,2,1427
-73.7800925926,9.60388888889,2,1427
26.8924028269,27.6293992933,3,1427
-75.9716346154,9.38173076923,3,1427
91.0539568345,23.7847482014,3,1427
91.6725735294,23.6335294118,4,1427
-75.9716346154,9.38173076923,4,1427
37.8481967213,19.3842622951,4,1427
8.47922330097,42.3662135922,4,1427
8.47922330097,42.3662135922,5,1427
116.717884615,17.6394230769,5,1427
37.2475842697,18.9131460674,5,1427
-75.9716346154,9.38173076923,5,1427
75.216741573,27.8392134831,5,1427
75.2675280899,27.43,6,1427
-75.9716346154,9.38173076923,6,1427
35.1179245283,7.76141509434,6,1427
37.8407777778,37.347,6,1427
116.717884615,17.6394230769,6,1427
4.36164705882,42.1498823529,6,1427
-76.8567502411,2.51729026037,2,3514
51.7138375486,22.4593531128,2,3514
-77.9372914622,2.2527576055,3,3514
83.1963083284,24.3107147076,3,3514
29.3449322938,21.1365162085,3,3514
33.1148697917,2.64236979167,4,3514
-77.9372914622,2.2527576055,4,3514
83.1963083284,24.3107147076,4,3514
25.9651906615,37.7164824903,4,3514
74.5119899425,27.7811350575,5,3514
-77.9372914622,2.2527576055,5,3514
25.7879702194,37.7579310345,5,3514
33.1148697917,2.64236979167,5,3514
121.259612903,8.946,5,3514
74.6644034707,27.7547216197,6,3514
-77.9372914622,2.2527576055,6,3514
34.4096855346,2.43638814016,6,3514
40.2189801325,36.0363576159,6,3514
121.259612903,8.946,6,3514
5.0092970123,37.9447100176,6,3514
-78.6589230769,16.4085384615,2,3438
53.5825859492,30.4060239163,2,3438
23.0999433428,34.682407932,3,3438
-80.2019685039,16.5537795276,3,3438
86.6848275862,25.4843887147,3,3438
73.2520912548,27.1520152091,4,3438
-80.2019685039,16.5537795276,4,3438
22.3245614035,35.4983625731,4,3438
132.931940299,16.2834328358,4,3438
-80.2019685039,16.5537795276,5,3438
33.6973394495,25.9941743119,5,3438
132.931940299,16.2834328358,5,3438
5.98711111111,48.7122962963,5,3438
74.388968254,27.9306746032,5,3438
74.388968254,27.9306746032,6,3438
33.6973394495,25.9941743119,6,3438
-65.32,-15.7177272727,6,3438
5.98711111111,48.7122962963,6,3438
132.931940299,16.2834328358,6,3438
-88.0912048193,33.6615662651,6,3438
-80.4393939394,6.25948051948,2,1450
43.9402034884,28.4311046512,2,1450
-80.4393939394,6.25948051948,3,1450
90.7860550459,21.91,3,1450
22.2117021277,31.455787234,3,1450
-83.5434513274,15.422359882,4,1450
22.2117021277,31.455787234,4,1450
90.7860550459,21.91,4,1450
-71.8843089431,-18.9943089431,4,1450
7.06333333333,38.2029365079,5,1450
-83.5434513274,15.422359882,5,1450
52.3055932203,25.9425988701,5,1450
121.155121951,9.14365853659,5,1450
-71.8843089431,-18.9943089431,5,1450
3.89175257732,43.8669072165,6,1450
-83.5434513274,15.422359882,6,1450
35.0887681159,22.7320289855,6,1450
123.529736842,8.02710526316,6,1450
-71.8843089431,-18.9943089431,6,1450
73.2612676056,29.3402816901,6,1450
-79.2085442234,3.82993440542,2,2644
48.4008267469,27.6235345084,2,2644
82.5102944662,24.1461947306,3,2644
-79.5242662697,3.76847937048,3,2644
28.9271638851,29.5858468954,3,2644
36.7612715302,25.3203963557,4,2644
-79.5242662697,3.76847937048,4,2644
1.28077482977,44.6452218831,4,2644
82.515005015,24.1453578919,4,2644
82.8133688009,24.0089165433,5,2644
-79.5242662697,3.76847937048,5,2644
41.0958804594,33.5810683835,5,2644
1.4547778587,45.7896309784,5,2644
23.3682847475,0.419646017699,5,2644
74.9351011594,28.1014889748,6,2644
-79.5242662697,3.76847937048,6,2644
23.3682847475,0.419646017699,6,2644
1.43326446281,45.8051895965,6,2644
113.260968188,8.09831258645,6,2644
40.7898289242,33.5830661376,6,2644
-78.0036692506,6.39658914729,2,1326
35.9311323764,29.4740948963,2,1326
88.9606100218,22.6762091503,3,1326
-78.0036692506,6.39658914729,3,1326
24.0519082479,30.9969009273,3,1326
43.1038792453,24.0172,4,1326
-78.0036692506,6.39658914729,4,1326
115.43142132,9.35604060914,4,1326
10.40836714,40.826673428,4,1326
10.2507210031,41.3678996865,5,1326
-78.0036692506,6.39658914729,5,1326
47.8067877412,34.0514074915,5,1326
32.6587103594,5.26325581395,5,1326
115.43142132,9.35604060914,5,1326
32.6587103594,5.26325581395,6,1326
-82.4114829659,20.3653507014,6,1326
9.4339912759,41.3779716467,6,1326
115.43142132,9.35604060914,6,1326
46.9888707926,34.3591422367,6,1326
-70.0054909091,-18.9503636364,6,1326
46.0195304034,28.7770138471,2,1713
-78.3598907104,0.655464480874,2,1713
87.6538847584,22.6317843866,3,1713
-78.4835706462,0.599759036145,3,1713
25.9883111111,31.7110133333,3,1713
103.920142349,14.3875800712,4,1713
-78.4835706462,0.599759036145,4,1713
9.66670454545,38.275530303,4,1713
49.2846135831,27.6327868852,4,1713
-84.0326989619,13.4033737024,5,1713
49.3051113716,27.6165767878,5,1713
103.920142349,14.3875800712,5,1713
9.70854442344,38.2815500945,5,1713
-68.9092537313,-21.4912537313,5,1713
7.9888125,38.8244583333,6,1713
-84.0326989619,13.4033737024,6,1713
39.3556832298,26.3802173913,6,1713
-68.9092537313,-21.4912537313,6,1713
117.848404908,11.7830674847,6,1713
74.4831382979,27.4083776596,6,1713
50.5443562208,29.7853828177,2,2585
-77.8099621603,1.01658066735,2,2585
-78.1397163611,0.900051885161,3,2585
78.3697537379,26.3884319638,3,2585
28.3524439127,32.4688922126,3,2585
78.3776458019,26.3843388638,4,2585
39.5513570115,28.1425569549,4,2585
-78.1397163611,0.900051885161,4,2585
1.68955817875,42.7854300169,4,2585
39.6307554672,28.1885444476,5,2585
-78.1397163611,0.900051885161,5,2585
114.262946679,9.06642656688,5,2585
72.800838897,29.0759825835,5,2585
1.76326749247,42.5600234349,5,2585
26.1452571927,-6.70198779425,6,2585
72.8031078531,29.0729046306,6,2585
-78.1397163611,0.900051885161,6,2585
41.2129615637,34.2704500657,6,2585
114.262946679,9.06642656688,6,2585
1.25606797853,44.6259320215,6,2585
-79.9138103693,-0.754691051136,2,3525
52.8329014845,21.7702878992,2,3525
-79.9364191829,-0.759428063943,3,3525
83.1733567134,23.5562725451,3,3525
28.0785154976,20.3089477977,3,3525
83.1733567134,23.5562725451,4,3525
-83.857067583,11.91895189,4,3525
28.0785154976,20.3089477977,4,3525
-73.5328157156,-21.4670533209,4,3525
-83.857067583,11.91895189,5,3525
12.4384417808,9.62164383562,5,3525
55.6603764706,30.0876,5,3525
-73.5328157156,-21.4670533209,5,3525
107.397917808,12.1293150685,5,3525
-83.857067583,11.91895189,6,3525
55.9407030016,29.925300158,6,3525
107.542892562,12.0903305785,6,3525
-73.5328157156,-21.4670533209,6,3525
4.70161157025,42.5051239669,6,3525
18.2279886686,-11.7635410765,6,3525
-82.4666258226,8.14748581802,2,2104
51.0991784914,27.9226311254,2,2104
31.7402449788,30.7139151581,3,2104
-82.800022805,8.12536145952,3,2104
84.8433670566,22.9701074929,3,2104
-82.800022805,8.12536145952,4,2104
48.9218072289,29.5383562221,4,2104
104.394827707,11.0395991561,4,2104
4.26335051546,38.4161008837,4,2104
-82.800022805,8.12536145952,5,2104
3.11295641932,39.3627012171,5,2104
72.4318048887,28.2271322567,5,2104
40.2555045013,28.1364375073,5,2104
117.352329708,9.20493989697,5,2104
72.4205517993,28.2262093784,6,2104
-82.800022805,8.12536145952,6,2104
38.6797701149,36.2853372656,6,2104
-0.913282208589,44.126605317,6,2104
117.352329708,9.20493989697,6,2104
38.7916449189,5.77185053381,6,2104
54.225994513,27.0734444444,2,1327
-78.0054348344,1.70697402907,2,1327
-78.6005821506,1.570757758,3,1327
28.1281494225,29.8754706316,3,1327
86.5569160753,23.4863884604,3,1327
52.110716211,27.393199846,4,1327
-78.6005821506,1.570757758,4,1327
101.093627283,15.8914269406,4,1327
8.9450075188,37.9733443609,4,1327
117.809223772,10.4384839297,5,1327
40.5763584385,24.4832866719,5,1327
-78.6005821506,1.570757758,5,1327
7.49949738903,38.7396475196,5,1327
75.8882419855,27.978237849,5,1327
117.809223772,10.4384839297,6,1327
-78.6005821506,1.570757758,6,1327
40.9093913659,34.1167681057,6,1327
5.33862598589,43.2978289747,6,1327
28.6721299397,-3.87423978567,6,1327
75.9043995859,27.9526045549,6,1327
41.7965805169,31.9401192843,2,98
-77.8455513308,8.45433460076,2,98
21.6140858726,33.9873268698,3,98
-78.0763740458,8.43026717557,3,98
92.7179649123,26.6935789474,3,98
49.8085042735,24.0899145299,4,98
-78.0763740458,8.43026717557,4,98
8.93798076923,43.4383413462,4,98
121.962682927,22.7812195122,4,98
-78.0763740458,8.43026717557,5,98
38.214789644,20.6330097087,5,98
125.665545455,22.3184545455,5,98
71.7058988764,29.9237640449,5,98
8.86526829268,43.8767317073,5,98
5.23449404762,44.9870535714,6,98
-78.0763740458,8.43026717557,6,98
71.7296067416,29.7178089888,6,98
35.5853125,1.615859375,6,98
125.665545455,22.3184545455,6,98
35.7850980392,35.6048627451,6,98
43.1854697987,30.8960463697,2,725
-79.1426174995,2.38371168493,2,725
20.0549943246,35.8785278093,3,725
-79.1426174995,2.38371168493,3,725
90.5540167364,20.6924988377,3,725
-79.1426174995,2.38371168493,4,725
49.6629530836,27.3508929247,4,725
104.932824128,13.5756756757,4,725
6.79613313104,42.8358505595,4,725
48.323653744,28.2336979996,5,725
-72.7425060096,-10.1993359375,5,725
104.921382146,13.5763586531,5,725
5.15346302709,42.9706213078,5,725
-89.5073722628,22.761513382,5,725
-83.5908988431,16.0830228419,6,725
35.3463702128,26.9766829787,6,725
75.6041731123,27.6212338858,6,725
116.161991178,9.02002520479,6,725
2.55609002433,45.988350365,6,725
-71.6897564612,-20.5687624254,6,725
61.4101542336,27.4282215927,2,1089
-83.3143654114,7.39186889819,2,1089
81.1643482637,26.5578862607,3,1089
-83.6004341737,7.36648459384,3,1089
28.3158507963,28.8426152557,3,1089
74.1770496894,30.9663291925,4,1089
-83.6004341737,7.36648459384,4,1089
28.2160774411,28.8231313131,4,1089
110.231989529,8.06829842932,4,1089
-93.6893055556,24.9955555556,5,1089
74.1770496894,30.9663291925,5,1089
28.2160774411,28.8231313131,5,1089
-73.3405649718,-10.5613841808,5,1089
110.231989529,8.06829842932,5,1089
7.70285714286,32.317044335,6,1089
71.9941981468,32.2597006415,6,1089
-93.6893055556,24.9955555556,6,1089
103.194691781,12.8598630137,6,1089
38.9497458704,27.0502160102,6,1089
-73.3405649718,-10.5613841808,6,1089
60.398984375,21.3464322917,2,3553
-81.9106666667,2.31493333333,2,3553
31.9845075125,17.8285809683,3,3553
-81.9106666667,2.31493333333,3,3553
78.5636286019,23.5953041622,3,3553
78.5636286019,23.5953041622,4,3553
33.9577252252,30.7990765766,4,3553
-81.9106666667,2.31493333333,4,3553
26.3321935484,-19.3256129032,4,3553
-81.9106666667,2.31493333333,5,3553
68.9546979866,27.6239821029,5,3553
26.3321935484,-19.3256129032,5,3553
33.9577252252,30.7990765766,5,3553
87.3293265306,19.9201632653,5,3553
68.9546979866,27.6239821029,6,3553
9.33113402062,31.6822680412,6,3553
-81.9106666667,2.31493333333,6,3553
29.060962963,-23.0873333333,6,3553
39.0473297003,29.2177929155,6,3553
87.3293265306,19.9201632653,6,3553
52.2364940963,26.47447472,2,2763
-78.4193421053,0.13257518797,2,2763
30.7934908537,29.0088871951,3,2763
-78.6600943396,0.0920188679245,3,2763
83.6995587135,22.7206133134,3,2763
30.7465173116,29.009913442,4,2763
-78.6600943396,0.0920188679245,4,2763
115.699237805,6.11783536585,4,2763
73.2205231984,28.1192793682,4,2763
115.699237805,6.11783536585,5,2763
40.9031770833,27.7155282738,5,2763
-78.6600943396,0.0920188679245,5,2763
73.29728444,28.1177502478,5,2763
9.01878205128,31.7945833333,5,2763
8.28578005115,44.8820971867,6,2763
115.699237805,6.11783536585,6,2763
73.29728444,28.1177502478,6,2763
-78.6600943396,0.0920188679245,6,2763
41.9748412698,33.5801499118,6,2763
22.0369751693,3.29729119639,6,2763
-25.3272437673,29.2720914127,2,3514
62.5675628307,28.7605092593,2,3514
77.7696379594,27.0769171695,3,3514
-78.9475918367,6.67020408163,3,3514
28.8952026222,34.0350476758,3,3514
77.7696379594,27.0769171695,4,3514
3.47701171875,40.8488867188,4,3514
-78.9475918367,6.67020408163,4,3514
40.056535163,31.0430360206,4,3514
96.0980412371,17.8576116838,5,3514
3.47701171875,40.8488867188,5,3514
-78.9475918367,6.67020408163,5,3514
40.056535163,31.0430360206,5,3514
69.1740451249,31.4005560032,5,3514
68.9467132293,31.5304847987,6,3514
-78.9475918367,6.67020408163,6,3514
40.056535163,31.0430360206,6,3514
3.47701171875,40.8488867188,6,3514
87.5462416107,22.1402013423,6,3514
117.81591195,6.86761006289,6,3514
57.8188983231,25.656586712,2,3351
-76.7745623708,-2.32256374914,2,3351
27.687140975,27.9761264822,3,3351
-77.5972625698,-2.54826815642,3,3351
85.2264981655,23.4185161027,3,3351
28.1225069483,38.8266981656,4,3351
-77.5972625698,-2.54826815642,4,3351
85.2365415987,23.4048898858,4,3351
26.1207306889,-12.7155741127,4,3351
-77.5972625698,-2.54826815642,5,3351
26.1207306889,-12.7155741127,5,3351
78.1626333992,25.689333004,5,3351
28.0908235949,38.8218196995,5,3351
118.400023256,12.7441860465,5,3351
-77.5972625698,-2.54826815642,6,3351
78.1839713155,25.6720029674,6,3351
39.8137670683,36.0759759036,6,3351
118.400023256,12.7441860465,6,3351
1.98071917808,43.2668493151,6,3351
27.5709131403,-14.3072605791,6,3351
38.0270029674,29.7114243323,2,3350
-81.1125396825,6.89888888889,2,3350
91.6691139241,21.7682278481,3,3350
21.6017054264,32.1436434109,3,3350
-81.1125396825,6.89888888889,3,3350
35.8435616438,25.2930136986,4,3350
-81.1125396825,6.89888888889,4,3350
92.4776623377,21.5116883117,4,3350
4.04526315789,40.9085087719,4,3350
35.5005555556,25.2047916667,5,3350
-81.1125396825,6.89888888889,5,3350
116.5990625,9.985,5,3350
4.04526315789,40.9085087719,5,3350
74.6955319149,29.7908510638,5,3350
33.7368,33.5645,6,3350
116.5990625,9.985,6,3350
-81.1125396825,6.89888888889,6,3350
3.89681415929,40.9066371681,6,3350
39.0937777778,6.98133333333,6,3350
74.6955319149,29.7908510638,6,3350
51.0801933702,22.6163950276,2,2352
-78.9059130435,8.99817391304,2,2352
31.2756723716,18.6247677262,3,2352
-79.4581578947,8.91833333333,3,2352
76.5011392405,27.7684810127,3,2352
35.3295258621,3.33974137931,4,2352
-79.4581578947,8.91833333333,4,2352
76.5807619048,27.7433015873,4,2352
26.1051685393,38.642752809,4,2352
17.9794964029,37.1561151079,5,2352
64.7260777385,34.011024735,5,2352
-79.4581578947,8.91833333333,5,2352
36.7189285714,3.10808035714,5,2352
100.309367089,11.4726582278,5,2352
-79.4581578947,8.91833333333,6,2352
70.9622181818,30.4697818182,6,2352
36.7189285714,3.10808035714,6,2352
5.21871794872,36.4048717949,6,2352
39.1297247706,38.1132110092,6,2352
116.775897436,8.28333333333,6,2352
64.6398251192,24.6489348172,2,3269
-81.1511525424,3.11498305085,2,3269
90.0191687042,20.8058435208,3,3269
-81.1511525424,3.11498305085,3,3269
17.4573181818,31.7935909091,3,3269
114.411148649,10.1577702703,4,3269
-81.1511525424,3.11498305085,4,3269
71.1393225806,27.7902580645,4,3269
9.7801754386,31.4961988304,4,3269
-84.8513106796,12.4483495146,5,3269
114.411148649,10.1577702703,5,3269
9.7801754386,31.4961988304,5,3269
71.1393225806,27.7902580645,5,3269
-72.586741573,-18.4880898876,5,3269
114.411148649,10.1577702703,6,3269
-72.586741573,-18.4880898876,6,3269
30.2987704918,22.3123770492,6,3269
76.2979615385,27.0198461538,6,3269
-84.8513106796,12.4483495146,6,3269
1.93616161616,42.9652525253,6,3269
59.2734857143,20.464,2,1206
-77.1004854369,-3.48349514563,2,1206
-77.1004854369,-3.48349514563,3,1206
88.5069512195,21.9274390244,3,1206
33.4977419355,19.173655914,3,1206
105.563181818,12.8804545455,4,1206
-77.1004854369,-3.48349514563,4,1206
30.7297222222,-7.10527777778,4,1206
48.6506315789,34.4236842105,4,1206
31.5242857143,-7.878,5,1206
-77.1004854369,-3.48349514563,5,1206
34.6886206897,35.4979310345,5,1206
73.6850877193,27.7107017544,5,1206
122.3008,8.7416,5,1206
31.5242857143,-7.878,6,1206
-75.5233898305,-15.1894915254,6,1206
34.6886206897,35.4979310345,6,1206
122.3008,8.7416,6,1206
73.6850877193,27.7107017544,6,1206
-79.2152272727,12.2131818182,6,1206
53.802936547,29.8565469749,2,3290
-21.1048868778,36.3087330317,2,3290
32.5983412043,34.1489020071,3,3290
-78.1840707965,4.95938053097,3,3290
80.3386526946,27.4523502994,3,3290
-1.89358490566,48.5694025157,4,3290
40.5695857558,30.8162572674,4,3290
80.3386526946,27.4523502994,4,3290
-78.1840707965,4.95938053097,4,3290
40.5695857558,30.8162572674,5,3290
-78.1840707965,4.95938053097,5,3290
75.6952173913,29.1565050167,5,3290
-1.89358490566,48.5694025157,5,3290
120.006857143,12.894,5,3290
40.4381833333,34.0018,6,3290
-78.1840707965,4.95938053097,6,3290
119.380555556,13.0981944444,6,3290
41.1512921348,9.3143258427,6,3290
-1.99101265823,48.6966139241,6,3290
75.6221812081,29.186409396,6,3290
43.4086904762,19.9828571429,2,2447
4.9032173913,46.8037391304,2,2447
4.2528440367,47.7616513761,3,2447
34.1999288256,19.1402491103,3,2447
83.2040983607,24.7908196721,3,2447
28.2739473684,5.84217105263,4,2447
28.4689956332,41.9034934498,4,2447
83.2040983607,24.7908196721,4,2447
-82.5888888889,11.1688888889,4,2447
28.1380794702,5.77523178808,5,2447
12.5681372549,50.9241176471,5,2447
83.5566666667,24.6301666667,5,2447
-82.5888888889,11.1688888889,5,2447
41.4596124031,34.5117829457,5,2447
40.6836363636,34.4836363636,6,2447
28.1380794702,5.77523178808,6,2447
71.8248717949,31.391025641,6,2447
-82.5888888889,11.1688888889,6,2447
12.2239795918,51.632755102,6,2447
103.376363636,13.0904545455,6,2447
56.5606763285,19.0914492754,2,2032
-77.0677777778,8.84069444444,2,2032
23.4460176991,22.3225663717,3,2032
94.09125,15.2585416667,3,2032
-78.8997142857,8.58842857143,3,2032
48.0804054054,20.512027027,4,2032
-78.8997142857,8.58842857143,4,2032
100.877105263,11.3326315789,4,2032
7.75508474576,27.2559322034,4,2032
7.56263157895,28.5224561404,5,2032
80.4532258065,19.025483871,5,2032
-78.8997142857,8.58842857143,5,2032
39.6130357143,16.0119642857,5,2032
118.960588235,8.38941176471,5,2032
4.7948,5.7196,6,2032
80.4532258065,19.025483871,6,2032
-78.8997142857,8.58842857143,6,2032
17.0853061224,39.6189795918,6,2032
118.960588235,8.38941176471,6,2032
43.3935897436,11.2341025641,6,2032
-95.2896484375,38.1605859375,2,34
38.7033333333,49.0516666667,2,34
-117.7325,40.2325,3,34
-85.0883522727,37.2188068182,3,34
38.7033333333,49.0516666667,3,34
-85.0883522727,37.2188068182,4,34
-117.7325,40.2325,4,34
105.27,40.01,4,34
5.42,53.5725,4,34
-120.036567164,40.8373134328,5,34
-79.9854545455,36.6493636364,5,34
105.27,40.01,5,34
-95.6113924051,37.9946835443,5,34
5.42,53.5725,5,34
-120.036567164,40.8373134328,6,34
-80.4636283186,37.483539823,6,34
5.42,53.5725,6,34
105.27,40.01,6,34
-96.0124,37.7596,6,34
-58.38,-34.6,6,34
50.1095348436,28.1675029139,2,3674
-79.5068999408,3.26160508842,2,3674
83.4846159231,24.0854705483,3,3674
-79.7566948286,3.21413814726,3,3674
27.9076321886,30.8479754702,3,3674
-79.7566948286,3.21413814726,4,3674
37.4102698864,25.893670006,4,3674
83.5107518704,24.0726702941,4,3674
2.47571657969,44.1631382979,4,3674
-79.7566948286,3.21413814726,5,3674
74.4037820665,28.2402146115,5,3674
2.47699729079,44.1570745535,5,3674
115.838350244,9.31089815859,5,3674
37.3905880702,25.8786947573,5,3674
-79.7566948286,3.21413814726,6,3674
40.1107684367,33.9332787594,6,3674
2.41595214869,44.8150906197,6,3674
115.840194494,9.30977074133,6,3674
27.0036191019,-1.78400945318,6,3674
74.4152348037,28.226554981,6,3674
